"","pclass","survived","sex","age","embarked"
"1","1st",1,"female",29,"S"
"2","1st",1,"male",0.92,"S"
"3","1st",0,"female",2,"S"
"4","1st",0,"male",30,"S"
"5","1st",0,"female",25,"S"
"6","1st",1,"male",48,"S"
"7","1st",1,"female",63,"S"
"8","1st",0,"male",39,"S"
"9","1st",1,"female",53,"S"
"10","1st",0,"male",71,"C"
"11","1st",0,"male",47,"C"
"12","1st",1,"female",18,"C"
"13","1st",1,"female",24,"C"
"14","1st",1,"female",26,"S"
"15","1st",1,"male",80,"S"
"16","1st",0,"male",NA,"S"
"17","1st",0,"male",24,"C"
"18","1st",1,"female",50,"C"
"19","1st",1,"female",32,"C"
"20","1st",0,"male",36,"C"
"21","1st",1,"male",37,"S"
"22","1st",1,"female",47,"S"
"23","1st",1,"male",26,"C"
"24","1st",1,"female",42,"C"
"25","1st",1,"female",29,"S"
"26","1st",0,"male",25,"C"
"27","1st",1,"male",25,"C"
"28","1st",1,"female",19,"C"
"29","1st",1,"female",35,"S"
"30","1st",1,"male",28,"S"
"31","1st",0,"male",45,"S"
"32","1st",1,"male",40,"C"
"33","1st",1,"female",30,"S"
"34","1st",1,"female",58,"S"
"35","1st",0,"male",42,"S"
"36","1st",1,"female",45,"C"
"37","1st",1,"female",22,"S"
"38","1st",1,"male",NA,"S"
"39","1st",0,"male",41,"S"
"40","1st",0,"male",48,"C"
"41","1st",0,"male",NA,"C"
"42","1st",1,"female",44,"C"
"43","1st",1,"female",59,"S"
"44","1st",1,"female",60,"C"
"45","1st",1,"female",41,"C"
"46","1st",0,"male",45,"S"
"47","1st",0,"male",NA,"S"
"48","1st",1,"male",42,"S"
"49","1st",1,"female",53,"C"
"50","1st",1,"male",36,"C"
"51","1st",1,"female",58,"C"
"52","1st",0,"male",33,"S"
"53","1st",0,"male",28,"S"
"54","1st",0,"male",17,"S"
"55","1st",1,"male",11,"S"
"56","1st",1,"female",14,"S"
"57","1st",1,"male",36,"S"
"58","1st",1,"female",36,"S"
"59","1st",0,"male",49,"S"
"60","1st",1,"female",NA,"C"
"61","1st",0,"male",36,"S"
"62","1st",1,"female",76,"S"
"63","1st",0,"male",46,"S"
"64","1st",1,"female",47,"S"
"65","1st",1,"male",27,"S"
"66","1st",1,"female",33,"S"
"67","1st",1,"female",36,"C"
"68","1st",1,"female",30,"S"
"69","1st",1,"male",45,"C"
"70","1st",1,"female",NA,"S"
"71","1st",0,"male",NA,"S"
"72","1st",0,"male",27,"C"
"73","1st",1,"female",26,"C"
"74","1st",1,"female",22,"S"
"75","1st",0,"male",NA,"S"
"76","1st",0,"male",47,"S"
"77","1st",1,"female",39,"C"
"78","1st",0,"male",37,"C"
"79","1st",1,"female",64,"C"
"80","1st",1,"female",55,"S"
"81","1st",0,"male",NA,"S"
"82","1st",0,"male",70,"S"
"83","1st",1,"female",36,"S"
"84","1st",1,"female",64,"S"
"85","1st",0,"male",39,"C"
"86","1st",1,"female",38,"C"
"87","1st",1,"male",51,"S"
"88","1st",1,"male",27,"S"
"89","1st",1,"female",33,"S"
"90","1st",0,"male",31,"S"
"91","1st",1,"female",27,"S"
"92","1st",1,"male",31,"S"
"93","1st",1,"female",17,"S"
"94","1st",1,"male",53,"S"
"95","1st",1,"male",4,"S"
"96","1st",1,"female",54,"S"
"97","1st",0,"male",50,"C"
"98","1st",1,"female",27,"C"
"99","1st",1,"female",48,"C"
"100","1st",1,"female",48,"C"
"101","1st",1,"male",49,"C"
"102","1st",0,"male",39,"C"
"103","1st",1,"female",23,"C"
"104","1st",1,"female",38,"C"
"105","1st",1,"female",54,"C"
"106","1st",0,"female",36,"C"
"107","1st",0,"male",NA,"S"
"108","1st",1,"female",NA,"S"
"109","1st",1,"female",NA,"C"
"110","1st",1,"male",36,"S"
"111","1st",0,"male",30,"C"
"112","1st",1,"female",24,"S"
"113","1st",1,"female",28,"S"
"114","1st",1,"female",23,"S"
"115","1st",0,"male",19,"S"
"116","1st",0,"male",64,"S"
"117","1st",1,"female",60,"S"
"118","1st",1,"female",30,"C"
"119","1st",0,"male",NA,"S"
"120","1st",1,"male",50,"S"
"121","1st",1,"male",43,"C"
"122","1st",1,"female",NA,"S"
"123","1st",1,"female",22,"C"
"124","1st",1,"male",60,"C"
"125","1st",1,"female",48,"C"
"126","1st",0,"male",NA,"S"
"127","1st",0,"male",37,"S"
"128","1st",1,"female",35,"S"
"129","1st",0,"male",47,"S"
"130","1st",1,"female",35,"C"
"131","1st",1,"female",22,"C"
"132","1st",1,"female",45,"C"
"133","1st",0,"male",24,"C"
"134","1st",1,"male",49,"C"
"135","1st",1,"female",NA,"C"
"136","1st",0,"male",71,"C"
"137","1st",1,"male",53,"C"
"138","1st",1,"female",19,"S"
"139","1st",0,"male",38,"S"
"140","1st",1,"female",58,"S"
"141","1st",1,"male",23,"C"
"142","1st",1,"female",45,"C"
"143","1st",0,"male",46,"C"
"144","1st",1,"male",25,"C"
"145","1st",1,"female",25,"C"
"146","1st",1,"male",48,"C"
"147","1st",1,"female",49,"C"
"148","1st",0,"male",NA,"S"
"149","1st",0,"male",45,"S"
"150","1st",1,"female",35,"S"
"151","1st",0,"male",40,"S"
"152","1st",1,"male",27,"C"
"153","1st",1,"male",NA,"S"
"154","1st",1,"female",24,"C"
"155","1st",0,"male",55,"S"
"156","1st",1,"female",52,"S"
"157","1st",0,"male",42,"S"
"158","1st",0,"male",NA,"S"
"159","1st",0,"male",55,"S"
"160","1st",1,"female",16,"C"
"161","1st",1,"female",44,"C"
"162","1st",1,"female",51,"S"
"163","1st",0,"male",42,"S"
"164","1st",1,"female",35,"S"
"165","1st",1,"male",35,"C"
"166","1st",1,"male",38,"S"
"167","1st",0,"male",NA,"C"
"168","1st",1,"female",35,"S"
"169","1st",1,"female",38,""
"170","1st",0,"female",50,"C"
"171","1st",1,"male",49,"S"
"172","1st",0,"male",46,"S"
"173","1st",0,"male",50,"S"
"174","1st",0,"male",32.5,"C"
"175","1st",0,"male",58,"C"
"176","1st",0,"male",41,"S"
"177","1st",1,"female",NA,"S"
"178","1st",1,"male",42,"S"
"179","1st",1,"female",45,"S"
"180","1st",0,"male",NA,"S"
"181","1st",1,"female",39,"S"
"182","1st",1,"female",49,"S"
"183","1st",1,"female",30,"C"
"184","1st",1,"male",35,"C"
"185","1st",0,"male",NA,"C"
"186","1st",0,"male",42,"S"
"187","1st",1,"female",55,"C"
"188","1st",1,"female",16,"S"
"189","1st",1,"female",51,"S"
"190","1st",0,"male",29,"S"
"191","1st",1,"female",21,"S"
"192","1st",0,"male",30,"S"
"193","1st",1,"female",58,"C"
"194","1st",1,"female",15,"S"
"195","1st",0,"male",30,"S"
"196","1st",1,"female",16,"S"
"197","1st",1,"male",NA,"C"
"198","1st",0,"male",19,"S"
"199","1st",1,"female",18,"S"
"200","1st",1,"female",24,"C"
"201","1st",0,"male",46,"C"
"202","1st",0,"male",54,"S"
"203","1st",1,"male",36,"S"
"204","1st",0,"male",28,"C"
"205","1st",1,"female",NA,"C"
"206","1st",0,"male",65,"S"
"207","1st",0,"male",44,"Q"
"208","1st",1,"female",33,"Q"
"209","1st",1,"female",37,"Q"
"210","1st",1,"male",30,"C"
"211","1st",0,"male",55,"S"
"212","1st",0,"male",47,"S"
"213","1st",0,"male",37,"C"
"214","1st",1,"female",31,"C"
"215","1st",1,"female",23,"C"
"216","1st",0,"male",58,"C"
"217","1st",1,"female",19,"S"
"218","1st",0,"male",64,"S"
"219","1st",1,"female",39,"C"
"220","1st",1,"male",NA,"C"
"221","1st",1,"female",22,"C"
"222","1st",0,"male",65,"C"
"223","1st",0,"male",28.5,"C"
"224","1st",0,"male",NA,"S"
"225","1st",0,"male",45.5,"S"
"226","1st",0,"male",23,"S"
"227","1st",0,"male",29,"S"
"228","1st",1,"female",22,"S"
"229","1st",0,"male",18,"C"
"230","1st",1,"female",17,"C"
"231","1st",1,"female",30,"S"
"232","1st",1,"male",52,"S"
"233","1st",0,"male",47,"S"
"234","1st",1,"female",56,"C"
"235","1st",0,"male",38,"S"
"236","1st",1,"male",NA,"S"
"237","1st",0,"male",22,"C"
"238","1st",0,"male",NA,"C"
"239","1st",1,"female",43,"S"
"240","1st",0,"male",31,"S"
"241","1st",1,"male",45,"S"
"242","1st",0,"male",NA,"S"
"243","1st",1,"female",33,"C"
"244","1st",0,"male",46,"C"
"245","1st",0,"male",36,"C"
"246","1st",1,"female",33,"S"
"247","1st",0,"male",55,"C"
"248","1st",1,"female",54,"C"
"249","1st",0,"male",33,"S"
"250","1st",1,"male",13,"C"
"251","1st",1,"female",18,"C"
"252","1st",1,"female",21,"C"
"253","1st",0,"male",61,"C"
"254","1st",1,"female",48,"C"
"255","1st",1,"male",NA,"S"
"256","1st",1,"female",24,"C"
"257","1st",1,"male",NA,"S"
"258","1st",1,"female",35,"C"
"259","1st",1,"female",30,"C"
"260","1st",1,"male",34,"S"
"261","1st",1,"female",40,"S"
"262","1st",1,"male",35,"S"
"263","1st",0,"male",50,"S"
"264","1st",1,"female",39,"S"
"265","1st",1,"male",56,"C"
"266","1st",1,"male",28,"S"
"267","1st",0,"male",56,"S"
"268","1st",0,"male",56,"C"
"269","1st",0,"male",24,"S"
"270","1st",0,"male",NA,"S"
"271","1st",1,"female",18,"S"
"272","1st",1,"male",24,"S"
"273","1st",1,"female",23,"S"
"274","1st",1,"male",6,"C"
"275","1st",1,"male",45,"C"
"276","1st",1,"female",40,"C"
"277","1st",0,"male",57,"C"
"278","1st",1,"female",NA,"C"
"279","1st",1,"male",32,"C"
"280","1st",0,"male",62,"S"
"281","1st",1,"male",54,"C"
"282","1st",1,"female",43,"C"
"283","1st",1,"female",52,"C"
"284","1st",0,"male",NA,"C"
"285","1st",1,"female",62,""
"286","1st",0,"male",67,"S"
"287","1st",0,"female",63,"S"
"288","1st",0,"male",61,"S"
"289","1st",1,"female",48,"S"
"290","1st",1,"female",18,"S"
"291","1st",0,"male",52,"S"
"292","1st",1,"female",39,"S"
"293","1st",1,"male",48,"S"
"294","1st",1,"female",NA,"S"
"295","1st",0,"male",49,"C"
"296","1st",1,"male",17,"C"
"297","1st",1,"female",39,"C"
"298","1st",1,"female",NA,"C"
"299","1st",1,"male",31,"C"
"300","1st",0,"male",40,"C"
"301","1st",0,"male",61,"S"
"302","1st",0,"male",47,"S"
"303","1st",1,"female",35,"C"
"304","1st",0,"male",64,"C"
"305","1st",1,"female",60,"C"
"306","1st",0,"male",60,"S"
"307","1st",0,"male",54,"S"
"308","1st",0,"male",21,"S"
"309","1st",1,"female",55,"C"
"310","1st",1,"female",31,"S"
"311","1st",0,"male",57,"S"
"312","1st",1,"female",45,"S"
"313","1st",0,"male",50,"C"
"314","1st",0,"male",27,"C"
"315","1st",1,"female",50,"C"
"316","1st",1,"female",21,"S"
"317","1st",0,"male",51,"C"
"318","1st",1,"male",21,"C"
"319","1st",0,"male",NA,"S"
"320","1st",1,"female",31,"C"
"321","1st",1,"male",NA,"S"
"322","1st",0,"male",62,"S"
"323","1st",1,"female",36,"C"
"324","2nd",0,"male",30,"C"
"325","2nd",1,"female",28,"C"
"326","2nd",0,"male",30,"S"
"327","2nd",0,"male",18,"S"
"328","2nd",0,"male",25,"S"
"329","2nd",0,"male",34,"S"
"330","2nd",1,"female",36,"S"
"331","2nd",0,"male",57,"S"
"332","2nd",0,"male",18,"S"
"333","2nd",0,"male",23,"S"
"334","2nd",1,"female",36,"S"
"335","2nd",0,"male",28,"S"
"336","2nd",0,"male",51,"S"
"337","2nd",1,"male",32,"S"
"338","2nd",1,"female",19,"S"
"339","2nd",0,"male",28,"S"
"340","2nd",1,"male",1,"S"
"341","2nd",1,"female",4,"S"
"342","2nd",1,"female",12,"S"
"343","2nd",1,"female",36,"S"
"344","2nd",1,"male",34,"S"
"345","2nd",1,"female",19,"S"
"346","2nd",0,"male",23,"S"
"347","2nd",0,"male",26,"S"
"348","2nd",0,"male",42,"S"
"349","2nd",0,"male",27,"S"
"350","2nd",1,"female",24,"S"
"351","2nd",1,"female",15,"S"
"352","2nd",0,"male",60,"S"
"353","2nd",1,"female",40,"S"
"354","2nd",1,"female",20,"S"
"355","2nd",0,"male",25,"S"
"356","2nd",1,"female",36,"S"
"357","2nd",0,"male",25,"S"
"358","2nd",0,"male",42,"S"
"359","2nd",1,"female",42,"S"
"360","2nd",1,"male",0.83,"S"
"361","2nd",1,"male",26,"S"
"362","2nd",1,"female",22,"S"
"363","2nd",1,"female",35,"S"
"364","2nd",0,"male",NA,"S"
"365","2nd",0,"male",19,"S"
"366","2nd",0,"female",44,"S"
"367","2nd",0,"male",54,"S"
"368","2nd",0,"male",52,"S"
"369","2nd",0,"male",37,"S"
"370","2nd",0,"female",29,"S"
"371","2nd",1,"female",25,"S"
"372","2nd",1,"female",45,"S"
"373","2nd",0,"male",29,"S"
"374","2nd",1,"female",28,"S"
"375","2nd",0,"male",29,"S"
"376","2nd",0,"male",28,"S"
"377","2nd",1,"male",24,"S"
"378","2nd",1,"female",8,"S"
"379","2nd",0,"male",31,"S"
"380","2nd",1,"female",31,"S"
"381","2nd",1,"female",22,"S"
"382","2nd",0,"female",30,"S"
"383","2nd",0,"female",NA,"S"
"384","2nd",0,"male",21,"S"
"385","2nd",0,"male",NA,"S"
"386","2nd",1,"male",8,"S"
"387","2nd",0,"male",18,"S"
"388","2nd",1,"female",48,"S"
"389","2nd",1,"female",28,"S"
"390","2nd",0,"male",32,"S"
"391","2nd",0,"male",17,"S"
"392","2nd",0,"male",29,"C"
"393","2nd",1,"female",24,"C"
"394","2nd",0,"male",25,"S"
"395","2nd",0,"male",18,"S"
"396","2nd",1,"female",18,"S"
"397","2nd",1,"female",34,"S"
"398","2nd",0,"male",54,"S"
"399","2nd",1,"male",8,"S"
"400","2nd",0,"male",42,"S"
"401","2nd",1,"female",34,"S"
"402","2nd",1,"female",27,"C"
"403","2nd",1,"female",30,"C"
"404","2nd",0,"male",23,"S"
"405","2nd",0,"male",21,"S"
"406","2nd",0,"male",18,"S"
"407","2nd",0,"male",40,"S"
"408","2nd",1,"female",29,"S"
"409","2nd",0,"male",18,"S"
"410","2nd",0,"male",36,"S"
"411","2nd",0,"male",NA,"S"
"412","2nd",0,"female",38,"S"
"413","2nd",0,"male",35,"S"
"414","2nd",0,"male",38,"S"
"415","2nd",0,"male",34,"S"
"416","2nd",1,"female",34,"S"
"417","2nd",0,"male",16,"S"
"418","2nd",0,"male",26,"S"
"419","2nd",0,"male",47,"S"
"420","2nd",0,"male",21,"S"
"421","2nd",0,"male",21,"S"
"422","2nd",0,"male",24,"S"
"423","2nd",0,"male",24,"S"
"424","2nd",0,"male",34,"S"
"425","2nd",0,"male",30,"S"
"426","2nd",0,"male",52,"S"
"427","2nd",0,"male",30,"S"
"428","2nd",1,"male",0.67,"S"
"429","2nd",1,"female",24,"S"
"430","2nd",0,"male",44,"S"
"431","2nd",1,"female",6,"S"
"432","2nd",0,"male",28,"S"
"433","2nd",1,"male",62,"S"
"434","2nd",0,"male",30,"S"
"435","2nd",1,"female",7,"S"
"436","2nd",0,"male",43,"S"
"437","2nd",1,"female",45,"S"
"438","2nd",1,"female",24,"S"
"439","2nd",1,"female",24,"S"
"440","2nd",0,"male",49,"S"
"441","2nd",1,"female",48,"S"
"442","2nd",1,"female",55,"S"
"443","2nd",0,"male",24,"S"
"444","2nd",0,"male",32,"S"
"445","2nd",0,"male",21,"S"
"446","2nd",0,"female",18,"S"
"447","2nd",1,"female",20,"S"
"448","2nd",0,"male",23,"S"
"449","2nd",0,"male",36,"S"
"450","2nd",1,"female",54,"S"
"451","2nd",0,"male",50,"S"
"452","2nd",0,"male",44,"S"
"453","2nd",1,"female",29,"S"
"454","2nd",0,"male",21,"S"
"455","2nd",1,"male",42,"S"
"456","2nd",0,"male",63,"S"
"457","2nd",0,"female",60,"S"
"458","2nd",0,"male",33,"S"
"459","2nd",1,"female",17,"S"
"460","2nd",0,"male",42,"S"
"461","2nd",1,"female",24,"S"
"462","2nd",0,"male",47,"S"
"463","2nd",0,"male",24,"S"
"464","2nd",0,"male",22,"S"
"465","2nd",0,"male",32,"S"
"466","2nd",1,"female",23,"C"
"467","2nd",0,"male",34,"S"
"468","2nd",1,"female",24,"S"
"469","2nd",0,"female",22,"S"
"470","2nd",1,"female",NA,"Q"
"471","2nd",0,"male",35,"Q"
"472","2nd",1,"female",45,"S"
"473","2nd",0,"male",57,"Q"
"474","2nd",0,"male",NA,"S"
"475","2nd",0,"male",31,"S"
"476","2nd",0,"female",26,"S"
"477","2nd",0,"male",30,"S"
"478","2nd",0,"male",NA,"Q"
"479","2nd",1,"female",1,"C"
"480","2nd",1,"female",3,"C"
"481","2nd",0,"male",25,"C"
"482","2nd",1,"female",22,"C"
"483","2nd",1,"female",17,"C"
"484","2nd",1,"female",NA,"S"
"485","2nd",1,"female",34,"S"
"486","2nd",0,"male",36,"C"
"487","2nd",0,"male",24,"S"
"488","2nd",0,"male",61,"Q"
"489","2nd",0,"male",50,"S"
"490","2nd",1,"female",42,"S"
"491","2nd",0,"female",57,"S"
"492","2nd",0,"male",NA,"C"
"493","2nd",1,"male",1,"C"
"494","2nd",0,"male",31,"C"
"495","2nd",1,"female",24,"C"
"496","2nd",0,"male",NA,"C"
"497","2nd",0,"male",30,"S"
"498","2nd",0,"male",40,"S"
"499","2nd",0,"male",32,"S"
"500","2nd",0,"male",30,"S"
"501","2nd",0,"male",46,"S"
"502","2nd",1,"female",13,"S"
"503","2nd",1,"female",41,"S"
"504","2nd",1,"male",19,"S"
"505","2nd",0,"male",39,"S"
"506","2nd",0,"male",48,"S"
"507","2nd",0,"male",70,"S"
"508","2nd",0,"male",27,"S"
"509","2nd",0,"male",54,"S"
"510","2nd",0,"male",39,"S"
"511","2nd",0,"male",16,"S"
"512","2nd",0,"male",62,"Q"
"513","2nd",0,"male",32.5,"C"
"514","2nd",1,"female",14,"C"
"515","2nd",1,"male",2,"S"
"516","2nd",1,"male",3,"S"
"517","2nd",0,"male",36.5,"S"
"518","2nd",0,"male",26,"S"
"519","2nd",0,"male",19,"S"
"520","2nd",0,"male",28,"S"
"521","2nd",1,"male",20,"C"
"522","2nd",1,"female",29,"S"
"523","2nd",0,"male",39,"S"
"524","2nd",1,"male",22,"S"
"525","2nd",1,"male",NA,"C"
"526","2nd",0,"male",23,"S"
"527","2nd",1,"male",29,"C"
"528","2nd",0,"male",28,"S"
"529","2nd",0,"male",NA,"S"
"530","2nd",1,"female",50,"S"
"531","2nd",0,"male",19,"S"
"532","2nd",0,"male",NA,"C"
"533","2nd",0,"male",41,"S"
"534","2nd",1,"female",21,"S"
"535","2nd",1,"female",19,"S"
"536","2nd",0,"male",43,"S"
"537","2nd",1,"female",32,"S"
"538","2nd",0,"male",34,"S"
"539","2nd",1,"male",30,"C"
"540","2nd",0,"male",27,"C"
"541","2nd",1,"female",2,"S"
"542","2nd",1,"female",8,"S"
"543","2nd",1,"female",33,"S"
"544","2nd",0,"male",36,"S"
"545","2nd",0,"male",34,"S"
"546","2nd",1,"female",30,"S"
"547","2nd",1,"female",28,"S"
"548","2nd",0,"male",23,"C"
"549","2nd",1,"male",0.83,"S"
"550","2nd",1,"male",3,"S"
"551","2nd",1,"female",24,"S"
"552","2nd",1,"female",50,"S"
"553","2nd",0,"male",19,"S"
"554","2nd",1,"female",21,"S"
"555","2nd",0,"male",26,"S"
"556","2nd",0,"male",25,"S"
"557","2nd",0,"male",27,"S"
"558","2nd",1,"female",25,"S"
"559","2nd",1,"female",18,"S"
"560","2nd",1,"female",20,"S"
"561","2nd",1,"female",30,"S"
"562","2nd",0,"male",59,"S"
"563","2nd",1,"female",30,"Q"
"564","2nd",0,"male",35,"S"
"565","2nd",1,"female",40,"S"
"566","2nd",0,"male",25,"S"
"567","2nd",0,"male",41,"C"
"568","2nd",0,"male",25,"S"
"569","2nd",0,"male",18.5,"S"
"570","2nd",0,"male",14,"S"
"571","2nd",1,"female",50,"S"
"572","2nd",0,"male",23,"S"
"573","2nd",1,"female",28,"S"
"574","2nd",1,"female",27,"S"
"575","2nd",0,"male",29,"S"
"576","2nd",0,"female",27,"S"
"577","2nd",0,"male",40,"S"
"578","2nd",1,"female",31,"S"
"579","2nd",0,"male",30,"S"
"580","2nd",0,"male",23,"S"
"581","2nd",1,"female",31,"S"
"582","2nd",0,"male",NA,"S"
"583","2nd",1,"female",12,"S"
"584","2nd",1,"female",40,"S"
"585","2nd",1,"female",32.5,"S"
"586","2nd",0,"male",27,"S"
"587","2nd",1,"female",29,"S"
"588","2nd",1,"male",2,"S"
"589","2nd",1,"female",4,"S"
"590","2nd",1,"female",29,"S"
"591","2nd",1,"female",0.92,"S"
"592","2nd",1,"female",5,"S"
"593","2nd",0,"male",36,"S"
"594","2nd",1,"female",33,"S"
"595","2nd",0,"male",66,"S"
"596","2nd",0,"male",NA,"S"
"597","2nd",1,"male",31,"S"
"598","2nd",1,"male",NA,"S"
"599","2nd",1,"female",26,"S"
"600","2nd",0,"female",24,"S"
"601","3rd",0,"male",42,"S"
"602","3rd",0,"male",13,"S"
"603","3rd",0,"male",16,"S"
"604","3rd",1,"female",35,"S"
"605","3rd",1,"female",16,"S"
"606","3rd",1,"male",25,"S"
"607","3rd",1,"male",20,"S"
"608","3rd",1,"female",18,"C"
"609","3rd",0,"male",30,"S"
"610","3rd",0,"male",26,"S"
"611","3rd",0,"female",40,"S"
"612","3rd",1,"male",0.83,"S"
"613","3rd",1,"female",18,"S"
"614","3rd",1,"male",26,"C"
"615","3rd",0,"male",26,"S"
"616","3rd",0,"male",20,"S"
"617","3rd",0,"male",24,"S"
"618","3rd",0,"male",25,"S"
"619","3rd",0,"male",35,"S"
"620","3rd",0,"male",18,"S"
"621","3rd",0,"male",32,"S"
"622","3rd",1,"female",19,"S"
"623","3rd",0,"male",4,"S"
"624","3rd",0,"female",6,"S"
"625","3rd",0,"female",2,"S"
"626","3rd",1,"female",17,"S"
"627","3rd",0,"female",38,"S"
"628","3rd",0,"female",9,"S"
"629","3rd",0,"female",11,"S"
"630","3rd",0,"male",39,"S"
"631","3rd",1,"male",27,"S"
"632","3rd",0,"male",26,"S"
"633","3rd",0,"female",39,"S"
"634","3rd",0,"male",20,"S"
"635","3rd",0,"male",26,"S"
"636","3rd",0,"male",25,"S"
"637","3rd",0,"female",18,"S"
"638","3rd",0,"male",24,"S"
"639","3rd",0,"male",35,"S"
"640","3rd",0,"male",5,"S"
"641","3rd",0,"male",9,"S"
"642","3rd",1,"male",3,"S"
"643","3rd",0,"male",13,"S"
"644","3rd",1,"female",5,"S"
"645","3rd",0,"male",40,"S"
"646","3rd",1,"male",23,"S"
"647","3rd",1,"female",38,"S"
"648","3rd",1,"female",45,"C"
"649","3rd",0,"male",21,"C"
"650","3rd",0,"male",23,"S"
"651","3rd",0,"female",17,"C"
"652","3rd",0,"male",30,"C"
"653","3rd",0,"male",23,"S"
"654","3rd",1,"female",13,"C"
"655","3rd",0,"male",20,"C"
"656","3rd",0,"male",32,"S"
"657","3rd",1,"female",33,"S"
"658","3rd",1,"female",0.75,"C"
"659","3rd",1,"female",0.75,"C"
"660","3rd",1,"female",5,"C"
"661","3rd",1,"female",24,"C"
"662","3rd",1,"female",18,"S"
"663","3rd",0,"male",40,"C"
"664","3rd",0,"male",26,"S"
"665","3rd",1,"male",20,"C"
"666","3rd",0,"female",18,"C"
"667","3rd",0,"female",45,"C"
"668","3rd",0,"female",27,"Q"
"669","3rd",0,"male",22,"S"
"670","3rd",0,"male",19,"S"
"671","3rd",0,"male",26,"S"
"672","3rd",0,"male",22,"S"
"673","3rd",0,"male",NA,"C"
"674","3rd",0,"male",20,"C"
"675","3rd",1,"male",32,"S"
"676","3rd",0,"male",21,"S"
"677","3rd",0,"male",18,"S"
"678","3rd",0,"male",26,"S"
"679","3rd",0,"male",6,"C"
"680","3rd",0,"female",9,"C"
"681","3rd",0,"male",NA,"C"
"682","3rd",0,"female",NA,"C"
"683","3rd",0,"female",NA,"Q"
"684","3rd",0,"male",40,"Q"
"685","3rd",0,"female",32,"Q"
"686","3rd",0,"male",21,"S"
"687","3rd",1,"female",22,"Q"
"688","3rd",0,"female",20,"S"
"689","3rd",0,"male",29,"S"
"690","3rd",0,"male",22,"S"
"691","3rd",0,"male",22,"S"
"692","3rd",0,"male",35,"S"
"693","3rd",0,"female",18.5,"Q"
"694","3rd",1,"male",21,"Q"
"695","3rd",0,"male",19,"Q"
"696","3rd",0,"female",18,"Q"
"697","3rd",0,"female",21,"S"
"698","3rd",0,"female",30,"S"
"699","3rd",0,"male",18,"S"
"700","3rd",0,"male",38,"S"
"701","3rd",0,"male",17,"S"
"702","3rd",0,"male",17,"S"
"703","3rd",0,"female",21,"Q"
"704","3rd",0,"male",21,"Q"
"705","3rd",0,"male",21,"S"
"706","3rd",0,"male",NA,"C"
"707","3rd",0,"female",NA,"C"
"708","3rd",0,"male",28,"S"
"709","3rd",0,"male",24,"S"
"710","3rd",1,"female",16,"Q"
"711","3rd",0,"female",37,"Q"
"712","3rd",0,"male",28,"S"
"713","3rd",0,"male",24,"S"
"714","3rd",0,"male",21,"Q"
"715","3rd",1,"male",32,"S"
"716","3rd",0,"male",29,"S"
"717","3rd",0,"male",26,"C"
"718","3rd",0,"male",18,"C"
"719","3rd",0,"male",20,"S"
"720","3rd",1,"male",18,"S"
"721","3rd",0,"male",24,"Q"
"722","3rd",0,"male",36,"S"
"723","3rd",0,"male",24,"S"
"724","3rd",0,"male",31,"Q"
"725","3rd",0,"male",31,"Q"
"726","3rd",1,"female",22,"Q"
"727","3rd",0,"female",30,"Q"
"728","3rd",0,"male",70.5,"Q"
"729","3rd",0,"male",43,"S"
"730","3rd",0,"male",35,"S"
"731","3rd",0,"male",27,"S"
"732","3rd",0,"male",19,"S"
"733","3rd",0,"male",30,"S"
"734","3rd",1,"male",9,"S"
"735","3rd",1,"male",3,"S"
"736","3rd",1,"female",36,"S"
"737","3rd",0,"male",59,"S"
"738","3rd",0,"male",19,"S"
"739","3rd",1,"female",17,"S"
"740","3rd",0,"male",44,"S"
"741","3rd",0,"male",17,"S"
"742","3rd",0,"male",22.5,"C"
"743","3rd",1,"male",45,"S"
"744","3rd",0,"female",22,"S"
"745","3rd",0,"male",19,"S"
"746","3rd",1,"female",30,"Q"
"747","3rd",1,"male",29,"Q"
"748","3rd",0,"male",0.33,"S"
"749","3rd",0,"male",34,"S"
"750","3rd",0,"female",28,"S"
"751","3rd",0,"male",27,"S"
"752","3rd",0,"male",25,"S"
"753","3rd",0,"male",24,"S"
"754","3rd",0,"male",22,"S"
"755","3rd",0,"male",21,"S"
"756","3rd",0,"male",17,"S"
"757","3rd",0,"male",NA,"S"
"758","3rd",1,"female",NA,"S"
"759","3rd",1,"male",36.5,"S"
"760","3rd",1,"female",36,"S"
"761","3rd",1,"male",30,"S"
"762","3rd",0,"male",16,"S"
"763","3rd",1,"male",1,"S"
"764","3rd",1,"female",0.17,"S"
"765","3rd",0,"male",26,"S"
"766","3rd",1,"female",33,"S"
"767","3rd",0,"male",25,"S"
"768","3rd",0,"male",NA,"S"
"769","3rd",0,"male",NA,"S"
"770","3rd",0,"male",22,"S"
"771","3rd",0,"male",36,"S"
"772","3rd",1,"female",19,"Q"
"773","3rd",0,"male",17,"S"
"774","3rd",0,"male",42,"S"
"775","3rd",0,"male",43,"S"
"776","3rd",0,"male",NA,"C"
"777","3rd",0,"male",32,"Q"
"778","3rd",1,"male",19,"S"
"779","3rd",1,"female",30,"S"
"780","3rd",0,"female",24,"Q"
"781","3rd",1,"female",23,"S"
"782","3rd",0,"male",33,"C"
"783","3rd",0,"male",65,"Q"
"784","3rd",1,"male",24,"S"
"785","3rd",0,"male",23,"S"
"786","3rd",1,"female",22,"S"
"787","3rd",0,"male",18,"S"
"788","3rd",0,"male",16,"S"
"789","3rd",0,"male",45,"S"
"790","3rd",0,"male",NA,"C"
"791","3rd",0,"male",39,"C"
"792","3rd",0,"male",17,"C"
"793","3rd",0,"male",15,"C"
"794","3rd",0,"male",47,"S"
"795","3rd",1,"female",5,"S"
"796","3rd",0,"male",NA,"C"
"797","3rd",0,"male",40.5,"S"
"798","3rd",0,"male",40.5,"Q"
"799","3rd",1,"male",NA,"S"
"800","3rd",0,"male",18,"S"
"801","3rd",0,"female",NA,"Q"
"802","3rd",0,"male",NA,"Q"
"803","3rd",0,"male",NA,"Q"
"804","3rd",0,"male",26,"Q"
"805","3rd",0,"male",NA,"Q"
"806","3rd",1,"male",NA,"S"
"807","3rd",0,"female",21,"S"
"808","3rd",0,"female",9,"S"
"809","3rd",0,"male",NA,"S"
"810","3rd",0,"male",18,"S"
"811","3rd",0,"male",16,"S"
"812","3rd",0,"female",48,"S"
"813","3rd",0,"male",NA,"Q"
"814","3rd",0,"male",NA,"S"
"815","3rd",0,"male",25,"Q"
"816","3rd",0,"male",NA,"S"
"817","3rd",0,"male",NA,"C"
"818","3rd",0,"male",22,"S"
"819","3rd",1,"female",16,"Q"
"820","3rd",1,"female",NA,"Q"
"821","3rd",1,"male",9,"S"
"822","3rd",0,"male",33,"S"
"823","3rd",0,"male",41,"S"
"824","3rd",1,"female",31,"S"
"825","3rd",0,"male",38,"S"
"826","3rd",0,"male",9,"S"
"827","3rd",0,"male",1,"S"
"828","3rd",0,"male",11,"S"
"829","3rd",0,"female",10,"S"
"830","3rd",0,"female",16,"S"
"831","3rd",0,"male",14,"S"
"832","3rd",0,"male",40,"S"
"833","3rd",0,"female",43,"S"
"834","3rd",0,"male",51,"S"
"835","3rd",0,"male",32,"S"
"836","3rd",0,"male",NA,"S"
"837","3rd",0,"male",20,"S"
"838","3rd",0,"male",37,"S"
"839","3rd",0,"male",28,"S"
"840","3rd",0,"male",19,"S"
"841","3rd",0,"female",24,"S"
"842","3rd",0,"female",17,"Q"
"843","3rd",0,"male",NA,"S"
"844","3rd",0,"male",NA,"S"
"845","3rd",0,"male",28,"S"
"846","3rd",1,"female",24,"S"
"847","3rd",0,"male",20,"S"
"848","3rd",0,"male",23.5,"C"
"849","3rd",0,"male",41,"S"
"850","3rd",0,"male",26,"S"
"851","3rd",0,"male",21,"S"
"852","3rd",1,"female",45,"S"
"853","3rd",0,"female",NA,"S"
"854","3rd",0,"male",25,"S"
"855","3rd",0,"male",NA,"Q"
"856","3rd",0,"male",11,"C"
"857","3rd",1,"female",NA,"Q"
"858","3rd",1,"male",27,"S"
"859","3rd",1,"male",NA,"S"
"860","3rd",0,"female",18,"Q"
"861","3rd",1,"female",26,"S"
"862","3rd",0,"female",23,"S"
"863","3rd",1,"female",22,"S"
"864","3rd",0,"male",28,"S"
"865","3rd",0,"female",28,"S"
"866","3rd",0,"female",NA,"Q"
"867","3rd",1,"female",2,"S"
"868","3rd",1,"female",22,"S"
"869","3rd",0,"male",43,"S"
"870","3rd",0,"male",28,"S"
"871","3rd",1,"female",27,"S"
"872","3rd",0,"male",NA,"Q"
"873","3rd",1,"female",NA,"S"
"874","3rd",0,"male",42,"S"
"875","3rd",1,"male",NA,"S"
"876","3rd",0,"male",30,"C"
"877","3rd",0,"male",NA,"S"
"878","3rd",0,"female",27,"S"
"879","3rd",0,"female",25,"S"
"880","3rd",0,"male",NA,"S"
"881","3rd",1,"male",29,"C"
"882","3rd",1,"male",21,"S"
"883","3rd",0,"male",NA,"S"
"884","3rd",0,"male",20,"S"
"885","3rd",0,"male",48,"S"
"886","3rd",0,"male",17,"S"
"887","3rd",1,"female",NA,"Q"
"888","3rd",1,"male",NA,"S"
"889","3rd",0,"male",34,"S"
"890","3rd",1,"male",26,"S"
"891","3rd",0,"male",22,"S"
"892","3rd",0,"male",33,"S"
"893","3rd",0,"male",31,"S"
"894","3rd",0,"male",29,"S"
"895","3rd",1,"male",4,"S"
"896","3rd",1,"female",1,"S"
"897","3rd",0,"male",49,"S"
"898","3rd",0,"male",33,"S"
"899","3rd",0,"male",19,"S"
"900","3rd",1,"female",27,"S"
"901","3rd",0,"male",NA,"S"
"902","3rd",0,"female",NA,"S"
"903","3rd",0,"male",NA,"S"
"904","3rd",0,"female",NA,"S"
"905","3rd",0,"male",23,"S"
"906","3rd",1,"male",32,"S"
"907","3rd",0,"male",27,"S"
"908","3rd",0,"female",20,"S"
"909","3rd",0,"female",21,"S"
"910","3rd",1,"male",32,"S"
"911","3rd",0,"male",17,"S"
"912","3rd",0,"male",21,"S"
"913","3rd",0,"male",30,"S"
"914","3rd",1,"male",21,"S"
"915","3rd",0,"male",33,"S"
"916","3rd",0,"male",22,"S"
"917","3rd",1,"female",4,"C"
"918","3rd",1,"male",39,"C"
"919","3rd",0,"male",NA,"C"
"920","3rd",0,"male",18.5,"C"
"921","3rd",0,"male",NA,"Q"
"922","3rd",0,"male",NA,"S"
"923","3rd",1,"female",NA,"Q"
"924","3rd",1,"female",NA,"Q"
"925","3rd",0,"male",34.5,"Q"
"926","3rd",0,"male",44,"S"
"927","3rd",1,"male",NA,"Q"
"928","3rd",0,"male",NA,"C"
"929","3rd",0,"female",NA,"C"
"930","3rd",0,"male",NA,"Q"
"931","3rd",0,"male",NA,"Q"
"932","3rd",0,"male",NA,"Q"
"933","3rd",0,"female",22,"S"
"934","3rd",0,"male",26,"S"
"935","3rd",1,"female",4,"S"
"936","3rd",1,"male",29,"S"
"937","3rd",1,"female",26,"S"
"938","3rd",0,"female",1,"S"
"939","3rd",0,"male",18,"S"
"940","3rd",0,"female",36,"S"
"941","3rd",0,"male",NA,"C"
"942","3rd",1,"male",25,"C"
"943","3rd",0,"male",NA,"C"
"944","3rd",0,"female",37,"S"
"945","3rd",0,"male",NA,"S"
"946","3rd",1,"male",NA,"S"
"947","3rd",0,"male",NA,"S"
"948","3rd",1,"female",22,"S"
"949","3rd",0,"male",NA,"Q"
"950","3rd",1,"male",26,"S"
"951","3rd",0,"male",29,"S"
"952","3rd",0,"male",29,"S"
"953","3rd",0,"male",22,"S"
"954","3rd",1,"male",22,"C"
"955","3rd",0,"male",NA,"S"
"956","3rd",0,"female",NA,"S"
"957","3rd",0,"female",NA,"S"
"958","3rd",0,"female",NA,"S"
"959","3rd",0,"female",NA,"S"
"960","3rd",0,"male",32,"S"
"961","3rd",0,"male",34.5,"C"
"962","3rd",0,"female",NA,"Q"
"963","3rd",0,"male",NA,"Q"
"964","3rd",0,"male",36,"S"
"965","3rd",0,"male",39,"S"
"966","3rd",0,"male",24,"S"
"967","3rd",0,"female",25,"S"
"968","3rd",0,"female",45,"S"
"969","3rd",0,"male",36,"S"
"970","3rd",0,"female",30,"S"
"971","3rd",1,"male",20,"S"
"972","3rd",0,"male",NA,"Q"
"973","3rd",0,"male",28,"S"
"974","3rd",0,"male",NA,"S"
"975","3rd",0,"male",30,"S"
"976","3rd",0,"female",26,"S"
"977","3rd",0,"male",NA,"S"
"978","3rd",0,"male",20.5,"S"
"979","3rd",1,"male",27,"S"
"980","3rd",0,"male",51,"S"
"981","3rd",1,"female",23,"S"
"982","3rd",1,"male",32,"S"
"983","3rd",0,"male",NA,"S"
"984","3rd",0,"male",NA,"S"
"985","3rd",1,"female",NA,"Q"
"986","3rd",1,"male",24,"S"
"987","3rd",0,"male",22,"S"
"988","3rd",0,"female",NA,"Q"
"989","3rd",0,"male",NA,"Q"
"990","3rd",0,"male",NA,"S"
"991","3rd",0,"male",29,"S"
"992","3rd",1,"male",NA,"C"
"993","3rd",0,"female",30.5,"Q"
"994","3rd",1,"female",NA,"Q"
"995","3rd",0,"male",NA,"C"
"996","3rd",0,"male",35,"C"
"997","3rd",0,"male",33,"S"
"998","3rd",1,"female",NA,"C"
"999","3rd",0,"male",NA,"C"
"1000","3rd",1,"female",NA,"Q"
"1001","3rd",1,"male",NA,"Q"
"1002","3rd",1,"female",NA,"Q"
"1003","3rd",1,"female",NA,"Q"
"1004","3rd",1,"male",NA,"Q"
"1005","3rd",1,"female",NA,"Q"
"1006","3rd",0,"male",NA,"Q"
"1007","3rd",1,"female",NA,"Q"
"1008","3rd",1,"female",15,"Q"
"1009","3rd",0,"female",35,"Q"
"1010","3rd",0,"male",NA,"Q"
"1011","3rd",0,"male",24,"S"
"1012","3rd",0,"female",19,"S"
"1013","3rd",0,"female",NA,"Q"
"1014","3rd",0,"female",NA,"S"
"1015","3rd",0,"female",NA,"S"
"1016","3rd",0,"male",55.5,"S"
"1017","3rd",0,"male",NA,"Q"
"1018","3rd",1,"male",21,"S"
"1019","3rd",0,"male",NA,"S"
"1020","3rd",0,"male",24,"S"
"1021","3rd",0,"male",21,"S"
"1022","3rd",0,"male",28,"S"
"1023","3rd",0,"male",NA,"S"
"1024","3rd",1,"female",NA,"Q"
"1025","3rd",0,"male",25,"S"
"1026","3rd",1,"male",6,"S"
"1027","3rd",1,"female",27,"S"
"1028","3rd",0,"male",NA,"S"
"1029","3rd",1,"female",NA,"Q"
"1030","3rd",0,"male",NA,"Q"
"1031","3rd",0,"male",NA,"Q"
"1032","3rd",0,"male",34,"S"
"1033","3rd",0,"male",NA,"Q"
"1034","3rd",1,"male",NA,"S"
"1035","3rd",1,"male",NA,"C"
"1036","3rd",1,"male",NA,"C"
"1037","3rd",1,"female",NA,"C"
"1038","3rd",1,"female",NA,"C"
"1039","3rd",0,"male",NA,"S"
"1040","3rd",1,"female",NA,"Q"
"1041","3rd",1,"female",24,"Q"
"1042","3rd",0,"male",NA,"S"
"1043","3rd",1,"female",NA,"Q"
"1044","3rd",1,"female",NA,"Q"
"1045","3rd",1,"female",NA,"Q"
"1046","3rd",0,"male",18,"S"
"1047","3rd",0,"male",22,"S"
"1048","3rd",1,"female",15,"C"
"1049","3rd",1,"female",1,"C"
"1050","3rd",1,"male",20,"C"
"1051","3rd",1,"female",19,"C"
"1052","3rd",0,"male",33,"S"
"1053","3rd",0,"male",NA,"S"
"1054","3rd",0,"male",NA,"C"
"1055","3rd",0,"female",NA,"Q"
"1056","3rd",0,"male",NA,"S"
"1057","3rd",1,"male",12,"C"
"1058","3rd",1,"female",14,"C"
"1059","3rd",0,"female",29,"S"
"1060","3rd",0,"male",28,"S"
"1061","3rd",1,"female",18,"S"
"1062","3rd",1,"female",26,"S"
"1063","3rd",0,"male",21,"S"
"1064","3rd",0,"male",41,"S"
"1065","3rd",1,"male",39,"S"
"1066","3rd",0,"male",21,"S"
"1067","3rd",0,"male",28.5,"C"
"1068","3rd",1,"female",22,"S"
"1069","3rd",0,"male",61,"S"
"1070","3rd",0,"male",NA,"Q"
"1071","3rd",0,"male",NA,"Q"
"1072","3rd",1,"female",NA,"Q"
"1073","3rd",0,"male",NA,"Q"
"1074","3rd",0,"male",NA,"Q"
"1075","3rd",0,"male",NA,"Q"
"1076","3rd",0,"male",23,"S"
"1077","3rd",0,"female",NA,"Q"
"1078","3rd",1,"female",NA,"Q"
"1079","3rd",1,"female",NA,"Q"
"1080","3rd",1,"female",22,"S"
"1081","3rd",1,"male",NA,"Q"
"1082","3rd",1,"female",NA,"Q"
"1083","3rd",1,"male",9,"S"
"1084","3rd",0,"male",28,"S"
"1085","3rd",0,"male",42,"S"
"1086","3rd",0,"male",NA,"S"
"1087","3rd",0,"female",31,"S"
"1088","3rd",0,"male",28,"S"
"1089","3rd",1,"male",32,"S"
"1090","3rd",0,"male",20,"S"
"1091","3rd",0,"female",23,"S"
"1092","3rd",0,"female",20,"S"
"1093","3rd",0,"male",20,"S"
"1094","3rd",0,"male",16,"S"
"1095","3rd",1,"female",31,"S"
"1096","3rd",0,"female",NA,"Q"
"1097","3rd",0,"male",2,"S"
"1098","3rd",0,"male",6,"S"
"1099","3rd",0,"female",3,"S"
"1100","3rd",0,"female",8,"S"
"1101","3rd",0,"female",29,"S"
"1102","3rd",0,"male",1,"S"
"1103","3rd",0,"male",7,"S"
"1104","3rd",0,"male",2,"S"
"1105","3rd",0,"male",16,"S"
"1106","3rd",0,"male",14,"S"
"1107","3rd",0,"female",41,"S"
"1108","3rd",0,"male",21,"S"
"1109","3rd",0,"male",19,"S"
"1110","3rd",0,"male",NA,"C"
"1111","3rd",0,"male",32,"S"
"1112","3rd",0,"male",0.75,"S"
"1113","3rd",0,"female",3,"S"
"1114","3rd",0,"female",26,"S"
"1115","3rd",0,"male",NA,"S"
"1116","3rd",0,"male",NA,"S"
"1117","3rd",0,"male",NA,"S"
"1118","3rd",0,"male",21,"S"
"1119","3rd",0,"male",25,"S"
"1120","3rd",0,"male",22,"S"
"1121","3rd",1,"male",25,"S"
"1122","3rd",1,"male",NA,"C"
"1123","3rd",1,"female",NA,"C"
"1124","3rd",1,"female",NA,"C"
"1125","3rd",0,"female",NA,"Q"
"1126","3rd",0,"male",24,"S"
"1127","3rd",0,"female",28,"S"
"1128","3rd",0,"male",19,"S"
"1129","3rd",0,"male",NA,"S"
"1130","3rd",0,"male",25,"S"
"1131","3rd",0,"female",18,"S"
"1132","3rd",1,"male",32,"S"
"1133","3rd",0,"male",NA,"S"
"1134","3rd",0,"male",17,"S"
"1135","3rd",0,"male",24,"S"
"1136","3rd",0,"male",NA,"S"
"1137","3rd",0,"female",NA,"S"
"1138","3rd",0,"male",NA,"C"
"1139","3rd",0,"male",NA,"S"
"1140","3rd",0,"male",38,"S"
"1141","3rd",0,"male",21,"S"
"1142","3rd",0,"male",10,"Q"
"1143","3rd",0,"male",4,"Q"
"1144","3rd",0,"male",7,"Q"
"1145","3rd",0,"male",2,"Q"
"1146","3rd",0,"male",8,"Q"
"1147","3rd",0,"female",39,"Q"
"1148","3rd",0,"female",22,"S"
"1149","3rd",0,"male",35,"S"
"1150","3rd",1,"female",NA,"Q"
"1151","3rd",0,"male",NA,"S"
"1152","3rd",0,"female",NA,"S"
"1153","3rd",0,"male",50,"S"
"1154","3rd",0,"female",47,"S"
"1155","3rd",0,"male",NA,"S"
"1156","3rd",0,"male",NA,"S"
"1157","3rd",0,"female",2,"S"
"1158","3rd",0,"male",18,"S"
"1159","3rd",0,"female",41,"S"
"1160","3rd",1,"female",NA,"S"
"1161","3rd",0,"male",50,"S"
"1162","3rd",0,"male",16,"S"
"1163","3rd",1,"male",NA,"Q"
"1164","3rd",0,"male",NA,"Q"
"1165","3rd",0,"male",NA,"C"
"1166","3rd",0,"male",25,"C"
"1167","3rd",0,"male",NA,"C"
"1168","3rd",0,"male",NA,"Q"
"1169","3rd",0,"male",NA,"S"
"1170","3rd",0,"male",38.5,"S"
"1171","3rd",0,"male",NA,"S"
"1172","3rd",0,"male",14.5,"S"
"1173","3rd",0,"female",NA,"S"
"1174","3rd",0,"female",NA,"S"
"1175","3rd",0,"female",NA,"S"
"1176","3rd",0,"female",NA,"S"
"1177","3rd",0,"male",NA,"S"
"1178","3rd",0,"male",NA,"S"
"1179","3rd",0,"male",NA,"S"
"1180","3rd",0,"male",NA,"S"
"1181","3rd",0,"female",NA,"S"
"1182","3rd",0,"male",24,"S"
"1183","3rd",1,"female",21,"S"
"1184","3rd",0,"male",39,"S"
"1185","3rd",0,"male",NA,"C"
"1186","3rd",0,"male",NA,"C"
"1187","3rd",0,"male",NA,"C"
"1188","3rd",1,"female",1,"S"
"1189","3rd",1,"female",24,"S"
"1190","3rd",1,"female",4,"S"
"1191","3rd",1,"male",25,"S"
"1192","3rd",0,"male",20,"S"
"1193","3rd",0,"male",24.5,"S"
"1194","3rd",0,"male",NA,"Q"
"1195","3rd",0,"male",NA,"S"
"1196","3rd",0,"male",NA,"Q"
"1197","3rd",1,"male",29,"S"
"1198","3rd",0,"male",NA,"S"
"1199","3rd",1,"female",NA,"Q"
"1200","3rd",0,"male",NA,"S"
"1201","3rd",0,"male",NA,"S"
"1202","3rd",0,"male",22,"C"
"1203","3rd",0,"male",NA,"S"
"1204","3rd",0,"male",40,"S"
"1205","3rd",0,"male",21,"S"
"1206","3rd",1,"female",18,"S"
"1207","3rd",0,"male",4,"S"
"1208","3rd",0,"male",10,"S"
"1209","3rd",0,"female",9,"S"
"1210","3rd",0,"female",2,"S"
"1211","3rd",0,"male",40,"S"
"1212","3rd",0,"female",45,"S"
"1213","3rd",0,"male",NA,"S"
"1214","3rd",0,"male",NA,"S"
"1215","3rd",0,"male",NA,"S"
"1216","3rd",0,"male",NA,"Q"
"1217","3rd",1,"female",NA,"Q"
"1218","3rd",0,"male",19,"S"
"1219","3rd",0,"male",30,"S"
"1220","3rd",0,"male",NA,"S"
"1221","3rd",0,"male",32,"S"
"1222","3rd",0,"male",NA,"S"
"1223","3rd",0,"male",33,"C"
"1224","3rd",1,"female",23,"S"
"1225","3rd",0,"male",21,"S"
"1226","3rd",0,"male",60.5,"S"
"1227","3rd",0,"male",19,"S"
"1228","3rd",0,"female",22,"S"
"1229","3rd",1,"male",31,"S"
"1230","3rd",0,"male",27,"S"
"1231","3rd",0,"female",2,"S"
"1232","3rd",0,"female",29,"S"
"1233","3rd",1,"male",16,"S"
"1234","3rd",1,"male",44,"S"
"1235","3rd",0,"male",25,"S"
"1236","3rd",0,"male",74,"S"
"1237","3rd",1,"male",14,"S"
"1238","3rd",0,"male",24,"S"
"1239","3rd",1,"male",25,"S"
"1240","3rd",0,"male",34,"S"
"1241","3rd",1,"male",0.42,"C"
"1242","3rd",0,"male",NA,"C"
"1243","3rd",0,"male",NA,"C"
"1244","3rd",0,"male",NA,"C"
"1245","3rd",1,"female",16,"C"
"1246","3rd",0,"male",NA,"S"
"1247","3rd",0,"male",NA,"S"
"1248","3rd",1,"female",NA,"S"
"1249","3rd",0,"male",32,"S"
"1250","3rd",0,"male",NA,"Q"
"1251","3rd",0,"male",NA,"S"
"1252","3rd",0,"male",30.5,"S"
"1253","3rd",0,"male",44,"S"
"1254","3rd",0,"male",NA,"C"
"1255","3rd",1,"male",25,"S"
"1256","3rd",0,"male",NA,"C"
"1257","3rd",1,"male",7,"C"
"1258","3rd",1,"female",9,"C"
"1259","3rd",1,"female",29,"C"
"1260","3rd",0,"male",36,"S"
"1261","3rd",1,"female",18,"S"
"1262","3rd",1,"female",63,"S"
"1263","3rd",0,"male",NA,"S"
"1264","3rd",0,"male",11.5,"S"
"1265","3rd",0,"male",40.5,"S"
"1266","3rd",0,"female",10,"S"
"1267","3rd",0,"male",36,"S"
"1268","3rd",0,"female",30,"S"
"1269","3rd",0,"male",NA,"S"
"1270","3rd",0,"male",33,"S"
"1271","3rd",0,"male",28,"S"
"1272","3rd",0,"male",28,"S"
"1273","3rd",0,"male",47,"S"
"1274","3rd",0,"female",18,"S"
"1275","3rd",0,"male",31,"S"
"1276","3rd",0,"male",16,"S"
"1277","3rd",0,"female",31,"S"
"1278","3rd",1,"male",22,"C"
"1279","3rd",0,"male",20,"S"
"1280","3rd",0,"female",14,"S"
"1281","3rd",0,"male",22,"S"
"1282","3rd",0,"male",22,"S"
"1283","3rd",0,"male",NA,"S"
"1284","3rd",0,"male",NA,"S"
"1285","3rd",0,"male",NA,"S"
"1286","3rd",0,"male",32.5,"S"
"1287","3rd",1,"female",38,"C"
"1288","3rd",0,"male",51,"S"
"1289","3rd",0,"male",18,"S"
"1290","3rd",0,"male",21,"S"
"1291","3rd",1,"female",47,"S"
"1292","3rd",0,"male",NA,"S"
"1293","3rd",0,"male",NA,"S"
"1294","3rd",0,"male",NA,"S"
"1295","3rd",0,"male",28.5,"S"
"1296","3rd",0,"male",21,"S"
"1297","3rd",0,"male",27,"S"
"1298","3rd",0,"male",NA,"S"
"1299","3rd",0,"male",36,"S"
"1300","3rd",0,"male",27,"C"
"1301","3rd",1,"female",15,"C"
"1302","3rd",0,"male",45.5,"C"
"1303","3rd",0,"male",NA,"C"
"1304","3rd",0,"male",NA,"C"
"1305","3rd",0,"female",14.5,"C"
"1306","3rd",0,"female",NA,"C"
"1307","3rd",0,"male",26.5,"C"
"1308","3rd",0,"male",27,"C"
"1309","3rd",0,"male",29,"S"
