NOC,region,notes,,,,,,Year,Country
AFG,Afghanistan,,,#N/A,,,,1936,Afghanistan
AHO,Curacao,Netherlands Antilles,,#N/A,,,,1991,Africa[c]
ALB,Albania,,,#N/A,,,,1959,Albania
ALG,Algeria,,,#N/A,,,,1964,Algeria
AND,Andorra,,,#N/A,,,,1987,American Samoa
ANG,Angola,,,#N/A,,,,1975,Andorra
ANT,Antigua,Antigua and Barbuda,,#N/A,,,,1980,Angola
ANZ,Australia,Australasia,,#N/A,,,,1976,Antigua and Barbuda
ARG,Argentina,,,#N/A,,,,1980,Arab
ARM,Armenia,,,#N/A,,,,1965,Arabia
ARU,Aruba,,,#N/A,,,,1923,Argentina
ASA,American Samoa,,,#N/A,,,,1993,Armenia
AUS,Australia,,,,,,,1986,Aruba
AUT,Austria,,,,,,,1895,Australia
AZE,Azerbaijan,,,,,,,1912,Austria
BAH,Bahamas,,,,,,,1993,Azerbaijan
BAN,Bangladesh,,,,,,,1952,Bahamas
BAR,Barbados,,,,,,,1979,Bahrain
BDI,Burundi,,,,,,,1980,Bangladesh
BEL,Belgium,,,,,,,1955,Barbados
BEN,Benin,,,,,,,1993,Belarus
BER,Bermuda,,,,,,,1906,Belgium
BHU,Bhutan,,,,,,,1967,Belize
BIH,Bosnia and Herzegovina,,,,,,,1962,Benin
BIZ,Belize,,,,,,,1936,Bermuda
BLR,Belarus,,,,,,,1983,Bhutan
BOH,Czech Republic,Bohemia,,,,,,1936,Bolivia
BOL,Boliva,,,,,,,1993,Bosnia and Herzegovina
BOT,Botswana,,,,,,,1980,Botswana
BRA,Brazil,,,,,,,1935,Brazil
BRN,Bahrain,,,,,,,1982,British Virgin Islands
BRU,Brunei,,,,,,,1984,Brunei
BUL,Bulgaria,,,,,,,1924,Bulgaria
BUR,Burkina Faso,,,,,,,1972,Burkina
CAF,Central African Republic,,,,,,,1993,Burundi
CAM,Cambodia,,,,,,,1995,Cambodia
CAN,Canada,,,,,,,1963,Cameroon
CAY,Cayman Islands,,,,,,,1907,Canada
CGO,Republic of Congo,,,,,,,1993,Cape Verde
CHA,Chad,,,,,,,1976,Cayman Islands
CHI,Chile,,,,,,,1965,Central African Republic
CHN,China,,,,,,,1964,Chad
CIV,Ivory Coast,,,,,,,1934,Chile
CMR,Cameroon,,,,,,,1960,Chinese
COD,Democratic Republic of the Congo,,,,,,,1948,Colombia
COK,Cook Islands,,,,,,,1993,Comoros
COL,Colombia,,,,,,,1964,Congo
COM,Comoros,,,,,,,1986,Cook
CPV,Cape Verde,,,,,,,1936,Costa
CRC,Costa Rica,,,,,,,1963,Côte d'Ivoire
CRO,Croatia,,,,,,,1993,Croatia
CRT,Greece,Crete,,,,,,1954,Cuba
CUB,Cuba,,,,,,,1978,Cyprus
CYP,Cyprus,,,,,,,1993,Czech Republic
CZE,Czech Republic,,,,,,,1968,Democratic Republic of the Congo
DEN,Denmark,,,,,,,1905,Denmark
DJI,Djibouti,,,,,,,1984,Djibouti
DMA,Dominica,,,,,,,1993,Dominica
DOM,Dominican Republic,,,,,,,1954,Dominican Republic
ECU,Ecuador,,,,,,,1959,Ecuador
EGY,Egypt,,,,,,,1910,Egypt
ERI,Eritrea,,,,,,,1962,El
ESA,El Salvador,,,,,,,1980,Emirates
ESP,Spain,,,,,,,1984,Equatorial
EST,Estonia,,,,,,,1999,Eritrea
ETH,Ethiopia,,,,,,,1924,Estonia[a]
EUN,Russia,,,,,,,1991,Estonia[a]
FIJ,Fiji,,,,,,,1954,Ethiopia
FIN,Finland,,,,,,,1972,Faso
FRA,France,,,,,,,1997,Federated States of Micronesia
FRG,Germany,,,,,,,1955,Fiji
FSM,Micronesia,,,,,,,1907,Finland
GAB,Gabon,,,,,,,1894,France
GAM,Gambia,,,,,,,1968,Gabon
GBR,UK,,,,,,,1976,Gambia
GBS,Guinea-Bissau,,,,,,,1993,Georgia
GDR,Germany,,,,,,,1895,Germany
GEO,Georgia,,,,,,,1952,Ghana
GEQ,Equatorial Guinea,,,,,,,1905,Great Britain
GER,Germany,,,,,,,1895,Greece
GHA,Ghana,,,,,,,1984,Grenada
GRE,Greece,,,,,,,1986,Guam
GRN,Grenada,,,,,,,1947,Guatemala
GUA,Guatemala,,,,,,,1965,Guinea
GUI,Guinea,,,,,,,1984,Guinea
GUM,Guam,,,,,,,1995,Guinea-Bissau
GUY,Guyana,,,,,,,1948,Guyana
HAI,Haiti,,,,,,,1924,Haiti
HKG,China,Hong Kong,,,,,,1956,Honduras
HON,Honduras,,,,,,,1951,Hong Kong
HUN,Hungary,,,,,,,1895,Hungary
INA,Indonesia,,,,,,,1935,Iceland
IND,India,,,,,,,1927,India
IOA,Individual Olympic Athletes,Individual Olympic Athletes,,,,,,1952,Indonesia
IRI,Iran,,,,,,,1947,Iran
IRL,Ireland,,,,,,,1948,Iraq
IRQ,Iraq,,,,,,,1922,Ireland
ISL,Iceland,,,,,,,1967,Islands
ISR,Israel,,,,,,,1983,Islands
ISV,"Virgin Islands, US",Virgin Islands,,,,,,1986,Islands
ITA,Italy,,,,,,,1952,Israel
IVB,"Virgin Islands, British",,,,,,,1915,Italy
JAM,Jamaica,,,,,,,1936,Jamaica
JOR,Jordan,,,,,,,1912,Japan
JPN,Japan,,,,,,,1963,Jordan
KAZ,Kazakhstan,,,,,,,1993,Kazakhstan
KEN,Kenya,,,,,,,1955,Kenya
KGZ,Kyrgyzstan,,,,,,,2003,Kiribati
KIR,Kiribati,,,,,,,1947,Korea
KOR,South Korea,,,,,,,1957,Korea
KOS,Kosovo,,,,,,,2014,Kosovo
KSA,Saudi Arabia,,,,,,,1966,Kuwait
KUW,Kuwait,,,,,,,1993,Kyrgyzstan
LAO,Laos,,,,,,,1937,Lanka
LAT,Latvia,,,,,,,1979,Laos
LBA,Libya,,,,,,,1991,Latvia
LBR,Liberia,,,,,,,1923,Latvia[a]
LCA,Saint Lucia,,,,,,,1948,Lebanon
LES,Lesotho,,,,,,,1964,Leone
LIB,Lebanon,,,,,,,1972,Lesotho
LIE,Liechtenstein,,,,,,,1955,Liberia
LTU,Lithuania,,,,,,,1963,Libya
LUX,Luxembourg,,,,,,,1935,Liechtenstein
MAD,Madagascar,,,,,,,1991,Lithuania
MAL,Malaysia,,,,,,,1924,Lithuania[a]
MAR,Morocco,,,,,,,1912,Luxembourg
MAS,Malaysia,,,,,,,1993,Macedonia
MAW,Malawi,,,,,,,1964,Madagascar
MDA,Moldova,,,,,,,1968,Malawi
MDV,Maldives,,,,,,,1954,Malaysia
MEX,Mexico,,,,,,,1985,Maldives
MGL,Mongolia,,,,,,,1963,Mali
MHL,Marshall Islands,,,,,,,1936,Malta
MKD,Macedonia,,,,,,,2006,Marshall Islands
MLI,Mali,,,,,,,1979,Mauritania
MLT,Malta,,,,,,,1972,Mauritius
MNE,Montenegro,,,,,,,1923,Mexico
MON,Monaco,,,,,,,1993,Moldova
MOZ,Mozambique,,,,,,,1953,Monaco
MRI,Mauritius,,,,,,,1962,Mongolia
MTN,Mauritania,,,,,,,2007,Montenegro
MYA,Myanmar,,,,,,,1959,Morocco
NAM,Namibia,,,,,,,1979,Mozambique
NBO,Malaysia,North Borneo,,,,,,1947,Myanmar
NCA,Nicaragua,,,,,,,1991,Namibia
NED,Netherlands,,,,,,,1994,Nauru
NEP,Nepal,,,,,,,1963,Nepal
NFL,Canada,Newfoundland,,,,,,1912,Netherlands
NGR,Nigeria,,,,,,,1919,New Zealand
NIG,Niger,,,,,,,1959,Nicaragua
NOR,Norway,,,,,,,1964,Niger
NRU,Nauru,,,,,,,1951,Nigeria
NZL,New Zealand,,,,,,,1957,North
OMA,Oman,,,,,,,1900,Norway
PAK,Pakistan,,,,,,,1982,Oman
PAN,Panama,,,,,,,1948,Pakistan
PAR,Paraguay,,,,,,,1999,Palau
PER,Peru,,,,,,,1995,Palestine
PHI,Philippines,,,,,,,1947,Panama
PLE,Palestine,,,,,,,1974,Papua New Guinea
PLW,Palau,,,,,,,1970,Paraguay
PNG,Papua New Guinea,,,,,,,1979,People's Republic of China
POL,Poland,,,,,,,1936,Peru
POR,Portugal,,,,,,,1929,Philippines
PRK,North Korea,,,,,,,1919,Poland
PUR,Puerto Rico,,,,,,,1909,Portugal
QAT,Qatar,,,,,,,1948,Puerto Rico
RHO,Zimbabwe,,,,,,,1980,Qatar
ROT,NA,Refugee Olympic Team,,,,,,1936,Rica
ROU,Romania,,,,,,,1914,Romania
RSA,South Africa,,,,,,,1993,Russia
RUS,Russia,,,,,,,1984,Rwanda
RWA,Rwanda,,,,,,,1993,Saint Kitts and Nevis
SAA,Germany,,,,,,,1993,Saint Lucia
SAM,Samoa,,,,,,,1987,Saint Vincent and the Grenadines
SCG,Serbia,Serbia and Montenegro,,,,,,1962,Salvador
SEN,Senegal,,,,,,,1983,Samoa
SEY,Seychelles,,,,,,,1959,San Marino
SIN,Singapore,,,,,,,1993,São Tomé and Príncipe
SKN,Saint Kitts,Turks and Caicos Islands,,,,,,1965,Saudi
SLE,Sierra Leone,,,,,,,1963,Senegal
SLO,Slovenia,,,,,,,1912,Serbia
SMR,San Marino,,,,,,,1979,Seychelles
SOL,Solomon Islands,,,,,,,1964,Sierra
SOM,Somalia,,,,,,,1948,Singapore
SRB,Serbia,,,,,,,1993,Slovakia
SRI,Sri Lanka,,,,,,,1993,Slovenia
SSD,South Sudan,,,,,,,1983,Solomon
STP,Sao Tome and Principe,,,,,,,1972,Somalia
SUD,Sudan,,,,,,,1947,South
SUI,Switzerland,,,,,,,1991,South
SUR,Suriname,,,,,,,2015,South Sudan
SVK,Slovakia,,,,,,,1912,Spain
SWE,Sweden,,,,,,,1937,Sri
SWZ,Swaziland,,,,,,,1959,Sudan
SYR,Syria,,,,,,,1959,Suriname
TAN,Tanzania,,,,,,,1972,Swaziland
TCH,Czech Republic,,,,,,,1913,Sweden
TGA,Tonga,,,,,,,1912,Switzerland
THA,Thailand,,,,,,,1948,Syria
TJK,Tajikistan,,,,,,,1960,Taipei
TKM,Turkmenistan,,,,,,,1993,Tajikistan
TLS,Timor-Leste,,,,,,,1968,Tanzania[b]
TOG,Togo,,,,,,,1950,Thailand
TPE,Taiwan,,,,,,,2003,Timor-Leste
TTO,Trinidad,Trinidad and Tobago,,,,,,1965,Togo
TUN,Tunisia,,,,,,,1984,Tonga
TUR,Turkey,,,,,,,1948,Trinidad and Tobago
TUV,NA,Tuvalu,,,,,,1957,Tunisia
UAE,United Arab Emirates,,,,,,,1911,Turkey
UAR,Syria,United Arab Republic,,,,,,1993,Turkmenistan
UGA,Uganda,,,,,,,2007,Tuvalu
UKR,Ukraine,,,,,,,1956,Uganda
UNK,NA,Unknown,,,,,,1993,Ukraine
URS,Russia,,,,,,,1980,United
URU,Uruguay,,,,,,,1894,United States
USA,USA,,,,,,,1923,Uruguay
UZB,Uzbekistan,,,,,,,1993,Uzbekistan
VAN,Vanuatu,,,,,,,1987,Vanuatu
VEN,Venezuela,,,,,,,1935,Venezuela
VIE,Vietnam,,,,,,,1979,Vietnam
VIN,Saint Vincent,,,,,,,1967,Virgin
VNM,Vietnam,,,,,,,1981,Yemen
WIF,Trinidad,West Indies Federation,,,,,,1964,Zambia
YAR,Yemen,North Yemen,,,,,,1980,Zimbabwe
YEM,Yemen,,,,,,,,
YMD,Yemen,South Yemen,,,,,,,
YUG,Serbia,Yugoslavia,,,,,,,
ZAM,Zambia,,,,,,,,
ZIM,Zimbabwe,,,,,,,,
